<?xml version="1.0" encoding="UTF-8" ?>
<!DOCTYPE mapper PUBLIC "-//mybatis.org//DTD Mapper 3.0//EN"
        "http://mybatis.org/dtd/mybatis-3-mapper.dtd">
<mapper namespace="com.mapper.CourseMapper">
    <select id="selectAlls_course" resultType="com.dao.Course">
        select * from s_course
    </select>

    <insert id="inserts_course" parameterType="com.dao.Course">
        insert into s_course(name ,teacherid,teachername,selectednum,maxnum,xuefen) value (#{name},#{teacherid},#{teachername},#{selectednum},#{maxnum},#{xuefen})
    </insert>
    <select id="selects_course" parameterType="String" resultType="com.dao.Course">
        select * from s_course where name=#{name}
    </select>

    <delete id="deletes_course" parameterType="Integer">
        delete  from s_course where id =#{name}
    </delete>

    <update id="updates_course" parameterType="com.dao.Course">
        update s_course set name =#{name},teacherid=#{teacherid},teachername=#{teachername},selectednum=#{selectednum},
        maxnum=#{maxnum},xuefen=#{xuefen} where id=#{id}
    </update>
    <update id="updateselectednum" parameterType="com.dao.Course">
        update s_course set selectednum=#{selectednum} where name =#{name }
    </update>
</mapper>