<?xml version="1.0" encoding="UTF-8" ?>
        <!DOCTYPE mapper PUBLIC "-//mybatis.org//DTD Mapper 3.0//EN"
                "http://mybatis.org/dtd/mybatis-3-mapper.dtd">
<mapper namespace="com.mapper.DingdanMapper">
<select id="selectAlls_dingan" resultType="com.dao.Dingdan">
        select * from s_dingdan
    </select>


<insert id="inserts_dingdan" parameterType="com.dao.Dingdan" >
       insert into s_dingdan(coursename,studentname,maxnum,xuefen,teachername) value (#{coursename},#{studentname},#{maxnum},#{xuefen},#{teachername})
    </insert>
<select id="selects_dingdan" parameterType="String" resultType="com.dao.Dingdan">
        select * from s_dingdan where name=#{name}
    </select>
<select id="selectsdingdan" resultType="com.dao.Dingdan">
        select * from s_dingdan where studentname=#{studentname}
    </select>
<delete id="deletesdingdan" parameterType="Integer">
        delete  from s_dingdan where id =#{id}
    </delete>
</mapper>