<?xml version="1.0" encoding="UTF-8" ?>
<!DOCTYPE mapper PUBLIC "-//mybatis.org//DTD Mapper 3.0//EN"
        "http://mybatis.org/dtd/mybatis-3-mapper.dtd">
<mapper namespace="com.mapper.StudentMapper">
    <select id="selectStudentByname" parameterType="String" resultType="com.dao.Student">
        select * from s_student where name =#{name}
    </select>
    <insert id="inserts_student" parameterType="com.dao.Student" >
       insert into s_student(name,password) value (#{name},#{password})
    </insert>
    <select id="selectAlls_student" resultType="com.dao.Student">
        select * from s_student
    </select>
    <update id="updates_student" parameterType="com.dao.Student">
        update s_student set  name =#{name},password=#{password},class=#{class},password1=#{password1} where id=#{id}
    </update>
    <update id="updatepassword" parameterType="com.dao.Student">
        update s_student set password =#{password} where id =#{id}
    </update>
</mapper>